Open,High,Low,Close,Volume,Dividends,Stock Splits
2019-01-02,91.79243373920544,95.50381384155676,91.5871981442808,94.65721130371094,6384800,0.0,0
2019-01-03,94.97363621988652,95.17032499740282,92.41672125811492,92.84429931640625,6496200,0.0,0
2019-01-04,94.30660182188855,94.91376179372779,93.61392755565214,94.76838684082031,7952500,0.0,0
2019-01-07,94.9736182052914,96.57276218873177,93.99874093924775,95.99980926513672,5712700,0.0,0
2019-01-08,96.9746806972459,97.30819097744327,95.4952581144736,95.58077239990234,5674900,0.0,0
2019-01-09,96.36753982742279,97.4877921937962,96.16229767266009,96.863525390625,7097000,0.0,0
2019-01-10,96.21359863216172,97.17136912926456,95.52947125624067,97.01744079589844,6078300,0.0,0
2019-01-11,96.63262879280865,96.67538920288848,95.49526973763994,96.2392578125,4491700,0.0,0
2019-01-14,95.213053858509,96.06820975028359,94.99071802415921,95.53801727294922,6121700,0.0,0
2019-01-15,95.76035987355263,96.69247666626745,95.35843555951166,95.88008117675781,4226100,0.0,0
2019-01-16,95.29004267670767,96.05113106932706,95.11046068203241,95.26438903808594,5624100,0.0,0
2019-01-17,94.70851773933052,96.02545863347775,94.21252574199158,95.74325561523438,4442700,0.0,0
2019-01-18,97.47923574607226,98.04364186746652,96.68394036322216,97.80419921875,9382000,0.0,0
2019-01-22,96.73523384254968,97.0174303196466,95.73469652154996,96.06820678710938,7242000,0.0,0
2019-01-23,96.10241609877646,96.35041208858048,94.42631134550389,95.25581359863281,6082300,0.0,0
2019-01-24,94.94796642454821,97.3338523667657,94.8453518835855,97.06875610351562,8470700,0.0,0
2019-01-25,97.53908285119125,98.15479616192532,96.62406627116201,96.82075500488281,6261800,0.0,0
2019-01-28,95.70050046590941,96.26489997059561,94.98216611301942,95.92283630371094,6886600,0.0,0
2019-01-29,96.65827219758528,96.93192182989092,95.58077391599093,95.63208770751953,5359900,0.0,0
2019-01-30,96.23071178971371,97.18848893962205,95.76037986445611,96.64118957519531,7941700,0.0,0
2019-01-31,97.31675881613998,98.69356054627843,96.95758832508271,98.04364013671875,11225600,0.0,0
2019-02-01,99.75394604399519,101.97735027982289,99.71118563540679,101.22481536865234,10934300,0.0,0
2019-02-04,100.48082246454679,102.40492332025089,99.46318481308026,102.39636993408203,7987900,0.0,0
2019-02-05,102.29374778942959,102.49898337196383,101.49845256724768,102.17402648925781,6887400,0.0,0
2019-02-06,101.76355550843518,102.2680943746596,101.49845925833908,101.66093444824219,4990400,0.0,0
2019-02-07,100.91696716439998,101.34454518887921,99.63423309096227,101.1051025390625,7281900,0.0,0
2019-02-08,100.68606167430445,100.81433637415078,99.1296780761638,100.54924011230469,5671000,0.0,0
2019-02-11,99.99339016838292,100.3611075050437,99.53160515087941,100.01049041748047,4859600,0.0,0
2019-02-12,101.19059100532081,101.65237593678428,100.57487776336951,101.52410125732422,5400700,0.0,0
2019-02-13,101.90038889433245,102.95222708770817,101.5070114052717,102.2509994506836,5935900,0.0,0
2019-02-14,102.24236895481904,103.24431826301387,101.62910557163192,102.06098175048828,5406500,1.19,0
2019-02-15,103.32205348349345,103.52935219229596,102.43238307048892,103.08883666992188,6209800,0.0,0
2019-02-19,102.70014813155329,103.52934953539044,102.32009501691283,103.05428314208984,4277800,0.0,0
2019-02-20,103.05428718597373,104.27218112027654,102.78652607555563,103.89212799072266,5940600,0.0,0
2019-02-21,103.71073002328154,103.92666808084562,102.25962601285464,102.90744018554688,5139400,0.0,0
2019-02-22,103.89212155833779,104.04759722990123,102.65695555366908,103.12338256835938,4517600,0.0,0
2019-02-25,103.14066481061346,104.01304988468897,103.1061139279906,103.32205200195312,5196600,0.0,0
2019-02-26,103.48618055740307,104.48813657835693,103.37389510949961,103.59847259521484,5445600,0.0,0
2019-02-27,103.90076279879361,104.76451508084536,103.55526056799151,103.71937561035156,5289800,0.0,0
2019-02-28,103.65029581608297,103.78849937366041,102.34602774855625,103.28752136230469,6406500,0.0,0
2019-03-01,103.98713335377165,105.4123258911532,103.79710680346655,105.4036865234375,7743600,0.0,0
2019-03-04,105.95648985037883,106.103326155354,104.12533924737838,105.48143005371094,7499500,0.0,0
2019-03-05,105.26549299428807,106.54384268147726,105.02363681977273,106.49201965332031,7345200,0.0,0
2019-03-06,106.38837419176849,107.7099142182733,105.63691387311687,106.69932556152344,7599900,0.0,0
2019-03-07,106.60430025187962,106.67340201289876,105.11864533950114,105.3259506225586,7201100,0.0,0
2019-03-08,103.73666085147016,105.31732930873575,102.95928238151103,105.04956817626953,7014100,0.0,0
2019-03-11,106.12925482194109,107.27804045215562,106.02560216639745,106.77706909179688,6088600,0.0,0
2019-03-12,106.96708364894674,107.93448861522123,106.56975837438057,107.01891326904297,6184300,0.0,0
2019-03-13,107.62352808514385,107.90856790671366,107.01890415142601,107.68399047851562,4707000,0.0,0
2019-03-14,107.76173104807785,108.36635497865923,107.5198814758453,107.62352752685547,5146400,0.0,0
2019-03-15,107.61489842246301,108.33181442988604,107.40759971076612,108.23680114746094,10449700,0.0,0
2019-03-18,108.15043634298057,108.94508696300855,108.11588545646964,108.7291488647461,5586900,0.0,0
2019-03-19,109.31648595324907,109.62743729983423,107.74445707436057,108.21088409423828,5096800,0.0,0
2019-03-20,108.00358302916219,109.12645700955824,107.69263168938316,107.7012710571289,6708500,0.0,0
2019-03-21,107.85675532849936,108.79824220075818,107.54580396392224,108.71186828613281,5050400,0.0,0
2019-03-22,107.83948090216307,107.88267115615578,105.98241200890475,106.31927490234375,5786800,0.0,0
2019-03-25,106.18106577382825,106.54384014209442,105.64553699931146,106.14651489257812,3837500,0.0,0
2019-03-26,106.9066237051536,107.89130743070567,106.56976082137554,107.21757507324219,4079800,0.0,0
2019-03-27,107.0880252386054,107.51990143774658,105.39506473885311,106.0601577758789,3727800,0.0,0
2019-03-28,105.89603754268975,106.3797433432557,105.68873882239436,106.2588119506836,4057700,0.0,0
2019-03-29,107.3471370351161,107.51125208431935,105.80101959498538,106.39701080322266,5318600,0.0,0
2019-04-01,106.99299875136583,108.2022466878894,106.63021778050175,107.9172134399414,5506300,0.0,0
2019-04-02,108.14177954491558,108.34908483057022,107.20029275138424,107.9085693359375,4362700,0.0,0
2019-04-03,108.15907669864079,108.27136213839466,106.70797240148475,107.01028442382812,3595400,0.0,0
2019-04-04,107.11392244237457,107.82219905072172,106.7165971830488,107.7962875366211,3715400,0.0,0
2019-04-05,108.1849907773763,109.38560611589665,108.14180052034429,109.1955795288086,5551400,0.0,0
2019-04-08,109.49787767235154,109.99021622650385,109.03145722307644,109.4201431274414,5483100,0.0,0
2019-04-09,109.08327716721419,109.08327716721419,108.07268857252757,108.43546295166016,4143400,0.0,0
2019-04-10,108.95371325529764,109.32512700332765,108.08132159784911,108.39227294921875,3970000,0.0,0
2019-04-11,108.26271736428815,109.05737454179967,107.75310663633803,108.82415771484375,3248300,0.0,0
2019-04-12,105.01499909164039,105.37777345145305,102.78651672723699,103.4429702758789,42693700,0.0,0
2019-04-15,103.66755705951853,104.5313094337818,103.07157240241406,103.77120971679688,13369100,0.0,0
2019-04-16,104.02168333689298,104.79042230928721,103.7020926332377,104.66085815429688,11942900,0.0,0
2019-04-17,105.55054155549956,105.84422080078765,103.69347915138951,103.88349914550781,11898100,0.0,0
2019-04-18,104.09942336691975,104.35855169056879,102.8728966934493,103.52935028076172,9546500,0.0,0
2019-04-22,104.32399979379827,105.38641800254152,104.03895995853703,105.2914047241211,7946200,0.0,0
2019-04-23,105.14457529861998,105.61963513190535,104.81634519172049,105.39505767822266,9079200,0.0,0
2019-04-24,104.81633870313426,104.88544046766776,102.00050440251047,102.16461944580078,22115000,0.0,0
2019-04-25,101.96596706292459,102.52740081579768,101.40452672014408,101.8364028930664,10636400,0.0,0
2019-04-26,102.26828171563001,102.35465563447083,99.8929627030157,101.14540100097656,11626700,0.0,0
2019-04-29,101.06765252636241,102.01777868252266,100.79988484796777,101.68091583251953,9404000,0.0,0
2019-04-30,104.60039817989949,105.30867477500067,103.34796002914109,103.70209503173828,21431500,0.0,0
2019-05-01,103.47753899361328,103.77121164315874,101.71548332661729,101.7586669921875,10097000,0.0,0
2019-05-02,101.30086929841504,102.3373760185885,100.43711699322404,100.52349090576172,9495600,0.0,0
2019-05-03,101.6550096708296,102.3978371714555,101.15403175833174,101.29222869873047,7364900,0.0,0
2019-05-06,101.4908864499313,103.51206349352374,101.46497493756317,102.26826477050781,11035000,0.0,0
2019-05-07,101.31814119782143,102.15597534179688,100.62713676433543,102.15597534179688,9165200,0.0,0
2019-05-08,102.24237271291699,102.33738600295037,101.40453184075416,101.49090576171875,6229000,0.0,0
2019-05-09,104.61767633817084,105.65417641653248,103.52934664295638,104.67813873291016,16496300,0.0,0
2019-05-10,104.6608791628969,105.61100550703401,103.50345408310815,105.36915588378906,8787900,0.0,0
2019-05-13,105.30005147336254,105.6023634759337,103.65892070095244,104.03033447265625,7701200,0.0,0
2019-05-14,104.22898510825235,105.59371527995124,104.09078817144733,105.06682586669922,6858500,0.0,0
2019-05-15,104.68677375056757,105.80101498309422,104.40174050635925,105.49870300292969,6945000,0.0,0
2019-05-16,105.53358959132072,106.02205441255916,105.13235514673646,105.36786651611328,8543300,1.19,0
2019-05-17,104.72240748048067,105.63827329488956,104.56540210243185,105.12364196777344,6870900,0.0,0
2019-05-20,105.28936555885565,105.72549084407405,105.14108455901989,105.40275573730469,4569700,0.0,0
2019-05-21,105.5684945052373,106.36224578650702,105.45510431708918,105.8388900756836,4859400,0.0,0
2019-05-22,105.45508822359567,105.92610429860845,104.966623411688,105.16724395751953,5763300,0.0,0
2019-05-23,103.6320829055743,103.68442246238052,101.9311970410982,102.81217193603516,11000200,0.0,0
2019-05-24,103.18724157878944,103.7367570234676,102.38476602411303,103.54486083984375,4890800,0.0,0
2019-05-28,103.69314354853162,104.07693592212316,103.07384645325489,103.19596099853516,8145100,0.0,0
2019-05-29,102.08820302058714,102.36732292451913,101.02405630723915,101.85269165039062,7451300,0.0,0
2019-05-30,101.65208796040339,101.8265354223462,100.17798228443341,100.64027404785156,5807900,0.0,0
2019-05-31,99.62846785531433,100.48326974461578,99.19234254104995,99.30573272705078,6899800,0.0,0
2019-06-03,100.04714391884235,101.26829612348808,99.84653000196315,101.17234802246094,6100800,0.0,0
2019-06-04,101.70441541844015,102.64644763384057,101.43401987049407,102.31499481201172,5235600,0.0,0
2019-06-05,102.81218123208544,102.95173786845254,101.41657493995051,102.62028503417969,5105700,0.0,0
2019-06-06,103.1087314107582,105.68187439368548,103.02150769119561,105.26319122314453,7370100,0.0,0
2019-06-07,105.31552076117356,106.51923067882937,105.1323489595179,105.96099090576172,5343100,0.0,0
2019-06-10,106.58901260718555,107.07747743151654,106.16161170879644,106.66751861572266,5708800,0.0,0
2019-06-11,107.60956050472113,107.72295068868557,105.67316307940433,105.69060516357422,5625100,0.0,0
2019-06-12,105.00153854009653,105.17599267571765,104.286293220912,104.8358154296875,4000100,0.0,0
2019-06-13,105.7516666967523,106.31863094888271,105.0713122560935,105.46382904052734,3993300,0.0,0
2019-06-14,105.54231664823469,105.68187993064151,104.99280119693091,105.3765869140625,3366800,0.0,0
2019-06-17,105.29810097783718,106.27501746020769,105.00153229230011,105.88250732421875,4219100,0.0,0
2019-06-18,106.3709378010836,108.04566369254555,106.29243845627302,107.22574615478516,4884300,0.0,0
2019-06-19,106.85941937094181,107.70550349000156,106.60646590665378,107.19087219238281,3847100,0.0,0
2019-06-20,108.42945624485391,108.76963340345672,107.81015919573743,108.40328979492188,7771700,0.0,0
2019-06-21,108.85687044521724,110.07801588181222,108.3596879018197,108.97026062011719,14287900,0.0,0
2019-06-24,108.63009993732916,109.36278731055265,108.52542746054958,108.95283508300781,5542600,0.0,0
2019-06-25,108.89176030041514,109.1272716860237,107.71422333660395,107.84506225585938,4713300,0.0,0
2019-06-26,108.65625467132377,108.92665022207089,108.05439964057041,108.09801483154297,5054800,0.0,0
2019-06-27,108.0892875460677,108.33351663753933,107.19087053612121,107.38276672363281,3551700,0.0,0
2019-06-28,107.64445249166661,108.57776039133218,107.39149901263185,108.5428695678711,7048300,0.0,0
2019-07-01,109.34532815755986,109.76400468983846,108.47307761811203,108.89175415039062,5526900,0.0,0
2019-07-02,108.63879425405979,108.78707523075268,106.7547301216936,107.22574615478516,5747700,0.0,0
2019-07-03,107.22575842359599,107.60955078811966,106.70240943408228,107.59210205078125,2725800,0.0,0
2019-07-05,107.40891862253268,107.9322675554541,106.97279340264105,107.75782012939453,3458900,0.0,0
2019-07-08,107.86250496289524,108.23756630651442,107.65316004189502,107.81016540527344,3505200,0.0,0
2019-07-09,108.07184250643584,108.28118077129264,107.34787296599109,107.59210205078125,3955600,0.0,0
2019-07-10,108.25502048290522,109.57212072771196,108.25502048290522,109.41511535644531,4743500,0.0,0
2019-07-11,109.62445761235143,109.62445761235143,108.68242535055775,109.4063949584961,3548000,0.0,0
2019-07-12,109.36278320650217,110.12164366150125,109.14472054578633,109.88613891601562,3974400,0.0,0
2019-07-15,109.95590189668077,110.25247054331994,109.26682316553423,109.65933990478516,3739200,0.0,0
2019-07-16,109.46744689801457,109.7116759936655,108.38585805095607,108.82198333740234,4697600,0.0,0
2019-07-17,108.73477066490871,109.27556181604227,108.21141494417446,108.28119659423828,3874200,0.0,0
2019-07-18,108.26373909421507,109.07493236015998,107.60082682248482,108.752197265625,5770700,0.0,0
2019-07-19,108.75218955278459,109.38893532799386,108.68240791760546,109.06620025634766,4880900,0.0,0
2019-07-22,109.3540592263266,109.68551205591699,108.56903236177682,109.30171966552734,3275800,0.0,0
2019-07-23,109.24066743746629,110.09547598608056,108.83943294476789,109.74657440185547,4295300,0.0,0
2019-07-24,109.79018172747674,110.72348957191694,109.60700990620272,110.37458801269531,4796900,0.0,0
2019-07-25,110.7758190759159,110.7758190759159,109.31916226473325,109.5808334350586,4586800,0.0,0
2019-07-26,109.24066634878608,109.24939071835941,107.54850466248621,107.91484832763672,6971700,0.0,0
2019-07-29,107.70550748174199,108.71731472164959,107.61827709756969,108.35969543457031,4377500,0.0,0
2019-07-30,108.24630440738191,108.81326866121486,107.61828287419736,108.45564270019531,3871700,0.0,0
2019-07-31,107.90611572746397,108.76092420235832,106.83325126782164,107.38276672363281,7199500,0.0,0
2019-08-01,106.41455100089836,107.94098923246862,104.94044566489288,105.31551361083984,7928400,0.0,0
2019-08-02,106.22268291862522,106.88559527487014,102.77729551865428,105.30682373046875,9026200,0.0,0
2019-08-05,103.96356172467075,105.14982319378501,102.44584073478524,103.571044921875,8620300,0.0,0
2019-08-06,103.55358294798216,104.26010374067968,102.6202751564306,104.12926483154297,6788000,0.0,0
2019-08-07,102.5330634392183,104.4956273418042,102.00970774140009,103.88504791259766,6853700,0.0,0
2019-08-08,104.22522005249233,107.57466574374622,104.1641627780167,107.48744201660156,8868100,0.0,0
2019-08-09,107.38276166339952,108.06311600179383,106.31861496806756,106.7809066772461,5051700,0.0,0
2019-08-12,107.29554157879792,107.4089317541252,105.46381676225873,106.02205657958984,3936500,0.0,0
2019-08-13,105.55103456319124,107.02513337870441,104.93173750855075,106.7547378540039,5806400,0.0,0
2019-08-14,104.68751417956987,105.18469675583441,102.64645096798198,102.69878387451172,7175600,0.0,0
2019-08-15,102.262665709689,102.7860147757361,100.71006059669332,102.00971221923828,6272600,0.0,0
2019-08-16,102.57368600035737,102.79399030588944,101.65721928256555,102.05376434326172,6239100,1.19,0
2019-08-19,103.2169680986326,103.82501011735235,103.06716278835934,103.3755874633789,6443700,0.0,0
2019-08-20,103.21696392853525,103.26984153008347,101.92158034578826,102.33574676513672,5150900,0.0,0
2019-08-21,103.79856996454254,104.17749361183559,103.39321087818425,103.87787628173828,4578400,0.0,0
2019-08-22,104.5652369216245,104.63572918852826,103.49895818567768,103.7457046508789,4362100,0.0,0
2019-08-23,102.64418122742255,104.03649927772786,100.7671843103059,101.49859619140625,7653400,0.0,0
2019-08-26,102.15070005937933,102.41506791860192,101.50741524410707,101.99208068847656,3966400,0.0,0
2019-08-27,102.45912689301169,103.12885388676094,101.37523343842885,102.07139587402344,4237100,0.0,0
2019-08-28,102.58249659392246,103.27865225954004,102.11544583450356,102.95260620117188,4153500,0.0,0
2019-08-29,103.26984948041671,103.84263530219953,102.73230643150804,103.5606460571289,4467300,0.0,0
2019-08-30,103.966011060952,104.8472282850812,103.30509814285509,103.73689270019531,4881100,0.0,0
2019-09-03,102.01850550399706,102.51199167493643,100.94342623891349,102.45911407470703,5672500,0.0,0
2019-09-04,103.52539867161958,104.45948674370581,103.25221677036232,103.32271575927734,4595600,0.0,0
2019-09-05,103.9924498986395,104.92653803531702,103.33153695895544,103.66639709472656,5394300,0.0,0
2019-09-06,103.54303388745257,104.37138030996164,103.44609944553535,104.21276092529297,4578200,0.0,0
2019-09-09,104.63573405598481,105.420016868185,104.4947427924649,105.20852661132812,5048000,0.0,0
2019-09-10,105.94875978010964,108.64528258815358,105.66677051079233,107.37632751464844,8728800,0.0,0
2019-09-11,107.69356340947355,108.37210448273319,106.07212683495189,106.87403106689453,5509500,0.0,0
2019-09-12,105.7813134321259,107.66711770115667,105.35832621818881,106.99739074707031,5818300,0.0,0
2019-09-13,107.72881458423755,107.79049952611626,106.83878323156962,107.06790161132812,4885400,0.0,0
2019-09-16,110.02876962063517,110.3900651420867,108.36326980956494,109.37667083740234,10683900,0.0,0
2019-09-17,109.37668652497311,109.81729514608429,108.00198305536153,109.17400360107422,7246500,0.0,0
2019-09-18,108.87439335603862,109.45599324194974,108.4073425685375,109.42955780029297,4801500,0.0,0
2019-09-19,109.94946600302279,110.12571347517931,108.7598241393692,108.97132110595703,4034500,0.0,0
2019-09-20,109.27093586687492,109.99353372222971,108.98013256915614,109.55292510986328,10420700,0.0,0
2019-09-23,108.87439913788553,110.15216152228226,108.87439913788553,110.06404113769531,4705500,0.0,0
2019-09-24,109.86134899338195,109.90541254355908,108.5835867160913,109.04181671142578,6232100,0.0,0
2019-09-25,108.81270640453548,109.40312033445969,108.3104128528881,108.83914184570312,3762500,0.0,0
2019-09-26,108.61883405053898,108.83032429624298,105.79012764281589,105.8870620727539,7834400,0.0,0
2019-09-27,105.31427050626313,105.96636935829265,104.38017569318976,104.51235961914062,6850700,0.0,0
2019-09-30,104.45948873802178,105.23495746143111,104.34493292121303,104.51235961914062,6108300,0.0,0
2019-10-01,105.10277426632402,105.27020768856963,102.115448445569,102.23001098632812,7116600,0.0,0
2019-10-02,101.39285012444888,101.43691367425092,98.36146749100526,98.9518814086914,9702400,0.0,0
2019-10-03,98.7492017679755,99.74498155204432,97.30400603215487,99.70973205566406,5315300,0.0,0
2019-10-04,100.10627954696227,100.45876779614096,99.18100545641663,100.32658386230469,4757300,0.0,0
2019-10-07,100.42349752046046,101.11965981967928,99.78021281772783,99.80664825439453,4694000,0.0,0
2019-10-08,98.79326889304815,99.357247409226,98.35266025708705,98.44078063964844,5323900,0.0,0
2019-10-09,99.21624033115928,100.9081824478782,98.96069326208374,99.70091247558594,4601700,0.0,0
2019-10-10,100.04459531939132,101.15493095910008,99.84191911280061,100.97868347167969,3555500,0.0,0
2019-10-11,101.94802679313815,103.1288546924821,101.65722348425943,102.35338592529297,5134200,0.0,0
2019-10-14,101.85109276472679,102.56487659560199,101.73653021783775,102.37982177734375,2571300,0.0,0
2019-10-15,102.0890028058493,103.64876088541453,102.04494598339656,102.4943618774414,3742700,0.0,0
2019-10-16,102.42387822199527,102.80280188732026,101.41047709629787,101.4369125366211,3608900,0.0,0
2019-10-17,101.87752534661311,102.27407041415407,101.26948330143995,101.64840698242188,3722400,0.0,0
2019-10-18,101.46335096732406,101.85108869856896,101.1108627319336,101.1108627319336,5679900,0.0,0
2019-10-21,101.82465515957985,102.88211316235096,101.82465515957985,102.75874328613281,3926300,0.0,0
2019-10-22,102.77635907746635,104.47710853348636,102.65298920796468,103.80738830566406,4095000,0.0,0
2019-10-23,103.45490344387822,104.00125381994845,102.90854634465413,103.96601104736328,4148500,0.0,0
2019-10-24,104.39780820165507,104.69741883815912,103.37559296925623,103.613525390625,3873900,0.0,0
2019-10-25,103.78093887955613,104.73265499752627,103.71044661845526,104.57403564453125,3369100,0.0,0
2019-10-28,104.93533751522102,105.31426115026838,103.66638269587116,104.40660858154297,5076300,0.0,0
2019-10-29,103.9571914259702,104.92652897584904,103.71045169216323,104.09818267822266,4548400,0.0,0
2019-10-30,104.14225971974354,104.14225971974354,101.79821849855958,102.53844451904297,4690900,0.0,0
2019-10-31,102.09783421284645,102.53844285118149,101.6219760766661,102.34457397460938,7177700,0.0,0
2019-11-01,101.7717649582026,102.76754462278333,100.47637469507227,102.40624237060547,7684700,0.0,0
2019-11-04,103.30509811224505,107.39394549314073,103.12003657885735,107.12957763671875,10348800,0.0,0
2019-11-05,106.8299564516667,107.90503571110612,106.38053382941911,107.45561981201172,6971200,0.0,0
2019-11-06,107.45562762208205,107.63186837298896,105.56982335013247,105.65794372558594,6104700,0.0,0
2019-11-07,106.74184071032396,107.50850212119578,106.02805690502692,107.41156768798828,5440700,0.0,0
2019-11-08,106.60083939745981,106.80351557639744,105.88705565946965,106.56558990478516,4249800,0.0,0
2019-11-11,105.92230347321303,106.97095407997446,105.75487677897686,106.45984649658203,3870800,0.0,0
2019-11-12,106.88284433058243,107.55257134356353,106.16906048764534,106.592041015625,4503600,0.0,0
2019-11-13,106.15141879470116,107.86979629881473,106.07211247703533,107.75523376464844,5076400,0.0,0
2019-11-14,107.3763245332359,108.33685486724804,106.97977944535327,107.47325897216797,4882800,0.0,0
2019-11-15,107.87370294772698,108.02498435173453,106.88591318607823,107.35755920410156,5589600,1.19,0
2019-11-18,106.62784331856791,106.78802562858678,105.13281068819171,105.49767303466797,4885300,0.0,0
2019-11-19,105.45318162466994,105.72015442049248,103.29962460828885,103.6288833618164,8723000,0.0,0
2019-11-20,103.59327496562548,105.07940651845828,103.33520311924269,104.4208755493164,5903100,0.0,0
2019-11-21,104.6611701562819,105.85363324616323,104.29630779064944,105.69345092773438,5810900,0.0,0
2019-11-22,105.95152028940917,106.52105589925306,105.54216699417137,105.56886291503906,4786800,0.0,0
2019-11-25,105.39087986641246,106.0939018318617,104.99042749631843,105.34638214111328,7390000,0.0,0
2019-11-26,105.31079115607848,105.50657029520737,104.29630542550149,104.82135009765625,10053100,0.0,0
2019-11-27,104.99931722251378,105.55105776193103,104.6700585108965,105.07051086425781,4106100,0.0,0
2019-11-29,104.36749517797625,104.84804210442584,104.01153373733953,104.2340087890625,3271000,0.0,0
2019-12-02,104.99042826858813,105.07051602743617,103.86915211891764,103.94034576416016,5195200,0.0,0
2019-12-03,103.40640584401383,103.85135596690444,102.96145572112324,103.13053894042969,6135800,0.0,0
2019-12-04,103.79794577576644,104.38528309306683,103.61106757191601,104.0649185180664,5706700,0.0,0
2019-12-05,104.67006683068503,104.77685051238952,103.39750923830734,103.5220947265625,5517500,0.0,0
2019-12-06,104.19840704967305,106.15619148610105,104.10052427778112,105.01712036132812,6735300,0.0,0
2019-12-09,103.69117180020197,104.91033755934413,103.61998494175421,104.38529968261719,4736100,0.0,0
2019-12-10,105.03492484663523,105.08831668873513,104.16282640846984,104.91033935546875,4886800,0.0,0
2019-12-11,104.19841341104222,104.70566305382873,103.34411001530684,103.43310546875,7039600,0.0,0
2019-12-12,103.75346249556658,105.80023569966427,103.75346249556658,105.72904205322266,6462000,0.0,0
2019-12-13,105.94262817114846,106.37867739546829,104.91924151907526,104.9726333618164,4863400,0.0,0
2019-12-16,105.77354808886606,106.31638780417765,105.55107301830887,106.21849822998047,5619300,0.0,0
2019-12-17,106.42315931171558,106.69013208158685,105.30188997281519,105.54216003417969,6755500,0.0,0
2019-12-18,105.61335761824833,106.46766100854904,105.47097032516496,105.49767303466797,7496700,0.0,0
2019-12-19,105.5154749180367,105.66675633473257,104.88364654001256,105.12391662597656,6220300,0.0,0
2019-12-20,106.25407916661169,106.73462606188161,105.08830535443121,106.50325012207031,12171100,0.0,0
2019-12-23,106.17398596160105,107.14398066689628,106.03160546642893,107.0816879272461,5875000,0.0,0
2019-12-24,107.17068598260846,107.48214970816998,106.868116371063,107.09059143066406,1640100,0.0,0
2019-12-26,107.38426082412315,108.05168600718592,107.09059211411952,107.32196807861328,3648600,0.0,0
2019-12-27,107.5800381815735,107.93599963118886,107.00160167462352,107.05500030517578,4138300,0.0,0
2019-12-30,107.1795856808678,107.98049045490609,106.61894419176107,106.654541015625,4580200,0.0,0
2019-12-31,106.34308115982748,107.34866601029283,106.12060609463956,107.24188232421875,4215700,0.0,0
2020-01-02,107.50883684566006,108.23855470995842,107.4732400243041,108.06057739257812,5205000,0.0,0
2020-01-03,108.37204880228138,109.20855719015681,107.44655174938514,107.68682861328125,6360900,0.0,0
2020-01-06,107.89150369167486,108.27416106820684,107.08169800004671,107.32196807861328,9953000,0.0,0
2020-01-07,105.91592600200558,106.54776116154106,104.80355067654197,105.95152282714844,7856900,0.0,0
2020-01-08,105.4976850424132,105.97822523776507,104.69677340115908,104.74126434326172,7295900,0.0,0
2020-01-09,104.64336856268487,104.93703727863745,103.38861272359689,104.57218170166016,7345300,0.0,0
2020-01-10,104.58106689959398,104.7323550911985,103.58438303622088,103.61997985839844,6393800,0.0,0
2020-01-13,103.64667454548149,104.03823279537995,103.29961402012586,103.81575775146484,6846700,0.0,0
2020-01-14,103.67338444786998,104.01154411604796,102.97036239954693,103.49540710449219,7189100,0.0,0
2020-01-15,103.49539677665749,103.59328634256698,102.91696028430133,103.34410858154297,5808800,0.0,0
2020-01-16,103.72675522178271,104.36748439082473,103.62886566599023,104.02042388916016,7022000,0.0,0
2020-01-17,104.12722523250952,104.37639620442975,102.80126903430575,102.85466766357422,7885900,0.0,0
2020-01-21,102.42750923210508,102.47200695680928,100.71000161527566,100.83458709716797,8470300,0.0,0
2020-01-22,100.64770387367497,101.03036120316048,100.07816833063598,100.4697265625,5589900,0.0,0
2020-01-23,100.02478527433357,100.99477324735167,99.54423834470448,100.64771270751953,8007800,0.0,0
2020-01-24,100.3718554376876,100.54093866693519,99.08149593179897,99.53534698486328,6920000,0.0,0
2020-01-27,98.11149849768864,98.62764225076056,97.8712284274792,98.236083984375,7609800,0.0,0
2020-01-28,98.76112618633155,99.33066176543005,98.57424117154642,98.88571166992188,5771900,0.0,0
2020-01-29,99.17938704260219,99.52644762108102,98.04921663385839,98.21829986572266,4772800,0.0,0
2020-01-30,97.7199427889132,99.29507000944449,97.05251761159656,99.1348876953125,8382700,0.0,0
2020-01-31,97.71993438535173,97.8890175883394,94.6853783706009,95.34390258789062,13699600,0.0,0
2020-02-03,95.17483724139223,95.44181005520903,93.79549580840724,94.57860565185547,8785500,0.0,0
2020-02-04,95.82445713900583,96.41178776093709,94.86336326013654,95.0858383178711,9909000,0.0,0
2020-02-05,96.34948995194587,98.46745673546853,96.20710945296764,98.13819122314453,6914100,0.0,0
2020-02-06,98.4496664495634,98.48526327582312,97.09702099869567,97.4351806640625,6274000,0.0,0
2020-02-07,96.93683884216338,97.39068989100602,96.52748552357215,96.94573974609375,4830100,0.0,0
2020-02-10,96.58975804932777,97.71103408077772,96.39397894025248,97.70213317871094,6011800,0.0,0
2020-02-11,98.58314767824653,99.1081923512791,97.94241841798987,98.96580505371094,6072700,0.0,0
2020-02-12,100.12267618901247,100.2027639503291,99.32176462884662,99.70442199707031,5725700,0.0,0
2020-02-13,99.10819245819106,99.9624958763215,98.98360696738453,99.36626434326172,5991900,0.0,0
2020-02-14,99.78940294510109,99.90644652200865,98.65502813722063,99.10517883300781,5148700,1.29,0
2020-02-18,98.13284247480013,99.27622211257591,97.97979290109265,99.24921417236328,4975800,0.0,0
2020-02-19,99.5013039383892,100.02348037911943,98.93411655061593,99.69937133789062,5887500,0.0,0
2020-02-20,99.73539218757654,99.9964804288077,98.76306498618221,98.86209869384766,4466600,0.0,0
2020-02-21,98.12384345878857,98.30390785232674,96.91744293147708,98.14185333251953,6443900,0.0,0
2020-02-24,95.17086264164546,96.29623942087515,94.00947298122986,94.27056121826172,9539800,0.0,0
2020-02-25,94.35156994757405,94.45960169722098,90.03012137411525,90.6693344116211,12871900,0.0,0
2020-02-26,90.80439049093279,91.47961647205588,88.22952820008312,88.26554107666016,11990400,0.0,0
2020-02-27,86.38391724330364,88.40959540879935,84.70035800842797,84.74536895751953,15783700,0.0,0
2020-02-28,81.59430299402801,84.12415427585468,81.12614934803817,84.03411865234375,20835100,0.0,0
2020-03-02,84.64633165344628,87.04113659092226,83.01678837428308,86.9601058959961,15050800,0.0,0
2020-03-03,87.14017108931763,88.66168261419126,84.06114202900032,84.97944641113281,16525500,0.0,0
2020-03-04,86.76204811067062,89.14784131796526,86.13183301145231,88.70669555664062,14753000,0.0,0
2020-03-05,86.16784090416411,87.68034743848732,85.47461189077828,87.50028991699219,12814400,0.0,0
2020-03-06,84.55630338737159,86.48294777799866,84.10615270042592,85.81672668457031,16861900,0.0,0
2020-03-09,74.03177877309022,79.23551917767524,72.02410385585655,72.62730407714844,30595500,0.0,0
2020-03-10,77.64199666919806,77.69601942802605,72.96043178357466,76.50762176513672,22642900,0.0,0
2020-03-11,74.03179236936423,76.38157286995589,73.59964464461153,74.75202941894531,18412800,0.0,0
2020-03-12,69.5302758246216,70.34054153927946,65.59595647829305,68.656982421875,25768200,0.0,0
2020-03-13,72.00609498325463,75.17515227236518,66.72132432081743,75.1031265258789,23497500,0.0,0
2020-03-16,65.33487069160408,70.66465319799923,62.742005197108874,62.75100326538086,17535300,0.0,0
2020-03-17,63.38121525581629,65.7039943448816,58.960732411073685,63.642303466796875,22684200,0.0,0
2020-03-18,59.60895114638888,59.62696101976649,49.12944405447187,49.561588287353516,24947300,0.0,0
2020-03-19,49.750650196574306,52.65862652711187,46.455547452114736,51.66829299926758,29871000,0.0,0
2020-03-20,53.594932770373006,54.603272651719905,50.740979432045116,53.46889114379883,26960400,0.0,0
2020-03-23,52.451557506784376,53.47790397697568,47.688965760495954,48.8143424987793,23764000,0.0,0
2020-03-24,55.350530614345224,60.90539213401004,54.30618110971144,59.915061950683594,29198800,0.0,0
2020-03-25,61.48157727619524,65.84803725537948,59.99607874113667,62.363868713378906,22560100,0.0,0
2020-03-26,63.291194682118935,69.41324042082891,61.12146489062969,68.76502227783203,24129100,0.0,0
2020-03-27,64.92973575452709,66.2081620214465,61.670642398802364,61.922725677490234,20411500,0.0,0
2020-03-30,61.2294973111521,65.65897834620456,60.33819402078767,64.77667999267578,18486800,0.0,0
2020-03-31,65.965074078751,67.5586112467869,63.750333676463086,65.23583221435547,18514200,0.0,0
2020-04-01,62.57995711335423,65.08279410136946,60.86938294631886,61.724666595458984,14362000,0.0,0
2020-04-02,64.59661805450246,70.85370932064264,62.64296588867207,68.53093719482422,23220600,0.0,0
2020-04-03,70.22350580782702,71.11480222752134,65.74900696696865,67.62163543701172,14905400,0.0,0
2020-04-06,69.3232003825042,72.87938778449475,67.98175336328863,72.3752212524414,17334900,0.0,0
2020-04-07,75.85939667428049,77.14682793044501,72.78936565236724,72.85238647460938,16394800,0.0,0
2020-04-08,74.08579902366732,77.6960093656773,73.39256313665517,77.40791320800781,12284800,0.0,0
2020-04-09,79.89273889269865,80.94609667949065,73.3925621266802,75.90440368652344,17023800,0.0,0
2020-04-13,78.48826866373766,78.65032317466604,75.08513080299554,76.44458770751953,13854700,0.0,0
2020-04-14,76.9397543029352,78.39824499597745,75.9224162269655,76.17449951171875,14797600,0.0,0
2020-04-15,72.43824330324745,75.06712150625401,71.41190034907703,74.26585388183594,13982300,0.0,0
2020-04-16,73.2035037602039,73.99577337872825,70.95275028713154,72.01510620117188,12291900,0.0,0
2020-04-17,73.22151408650625,78.77637204383932,73.21250914930711,78.4792709350586,16130100,0.0,0
2020-04-20,74.41891142720506,78.32621591250508,73.9057330737744,75.2381820678711,15749000,0.0,0
2020-04-21,72.27619231904846,75.43625202627267,71.34888301420523,73.50060272216797,19620600,0.0,0
2020-04-22,76.48059495916246,76.75068810468643,74.69800217871716,76.02144622802734,10320700,0.0,0
2020-04-23,77.69601324231375,79.92875685846629,76.87673567474054,78.14616394042969,14226500,0.0,0
2020-04-24,79.65865662749323,79.9377478135069,77.21883422595813,78.33521270751953,9175500,0.0,0
2020-04-27,78.10114569337216,81.58531455036989,77.30888294179908,80.76603698730469,12037100,0.0,0
2020-04-28,80.62199688837158,81.89141834999286,79.97377875105225,80.94610595703125,10645200,0.0,0
2020-04-29,83.25987893453197,85.6546771569692,83.08881946551689,85.1865234375,12342800,0.0,0
2020-04-30,84.37624776860416,86.1948535627478,81.54930194014298,82.82772827148438,12222000,0.0,0
2020-05-01,82.38657260604089,82.87273612473682,78.36222475857487,80.52294921875,13250100,0.0,0
2020-05-04,79.91074717757427,82.48560950521073,78.94742503882594,82.32355499267578,11192400,0.0,0
2020-05-05,85.07847586724507,85.79871968028952,83.43992771788534,83.62899017333984,13608700,0.0,0
2020-05-06,83.59298334526287,84.14216774698292,80.82005339375087,81.0721435546875,11145900,0.0,0
2020-05-07,83.71001377455892,84.68233391043115,82.74669170574087,83.4039077758789,9749600,0.0,0
2020-05-08,85.52863184587711,86.03279842507243,84.6913512804252,85.95177459716797,8585900,0.0,0
2020-05-11,84.81739182677238,85.16850881398679,83.89008250829559,84.06114196777344,7101000,0.0,0
2020-05-12,83.84505119639722,84.65532367830029,81.92741204652104,82.01744079589844,8749100,0.0,0
2020-05-13,80.93708561689152,81.02711437021883,78.61430668977772,79.85671997070312,12215100,0.0,0
2020-05-14,78.58730977549139,81.86440631136755,77.44392315469538,81.0721435546875,10678200,0.0,0
2020-05-15,81.61231339423955,82.88173464266289,79.9737653195436,80.27086639404297,10113000,0.0,0
2020-05-18,84.40910578793853,85.32262423376125,83.55039621859552,84.54613494873047,12304300,1.29,0
2020-05-19,84.52786491041977,84.6192153656588,81.78730943569087,81.8695297241211,7749300,0.0,0
2020-05-20,83.13017748760922,85.38656913455056,82.38109265057051,84.95721435546875,9160000,0.0,0
2020-05-21,84.7470952128947,85.29521180471262,83.38595480762206,84.08023071289062,8830900,0.0,0
2020-05-22,83.54126524408653,83.67829441498482,81.73250249092739,82.47245025634766,8563100,0.0,0
2020-05-26,84.49132275340851,86.18133055728488,84.07110508652416,85.23127746582031,9430000,0.0,0
2020-05-27,86.49192404886479,86.5010611845258,84.14418199464143,85.77938079833984,7822600,0.0,0
2020-05-28,85.5144675784254,85.77938878050725,82.93834568010391,83.01142883300781,9633300,0.0,0
2020-05-29,82.39023023685436,83.94320879518868,81.54065780987105,83.76963806152344,17010000,0.0,0
2020-06-01,83.0753730600336,85.7337082209191,82.31715104657141,84.765380859375,7344000,0.0,0
2020-06-02,85.66975538721375,86.98522412807598,85.22213331773405,86.50106048583984,7880300,0.0,0
2020-06-03,87.67037732640341,89.27817194363756,87.46940212804995,88.7757339477539,8440200,0.0,0
2020-06-04,88.4103114554894,88.51079903912385,86.93041607758661,87.95355224609375,6371700,0.0,0
2020-06-05,90.51141378806912,93.22456482228596,90.4840093484658,92.091796875,12760100,0.0,0
2020-06-08,93.75440626421818,94.63138323574323,92.1466186345523,94.31165313720703,11090700,0.0,0
2020-06-09,91.99131255947188,94.02846193418127,91.19655590429993,92.7495346069336,10745400,0.0,0
2020-06-10,92.26535984424089,92.72211905139059,89.12285426878134,89.14112854003906,10486300,0.0,0
2020-06-11,84.31775305130591,86.04430230953436,81.41276419356413,81.64114379882812,14944800,0.0,0
2020-06-12,85.52360952561932,85.55101396710151,82.22580698845557,84.39997863769531,9532400,0.0,0
2020-06-15,81.3853504772668,84.11677549683002,80.58145679860027,83.34028625488281,12289500,0.0,0
2020-06-16,86.77511684166923,87.31409635898265,83.57780222143506,85.89813995361328,8726700,0.0,0
2020-06-17,85.71543206714615,85.87072852049172,83.58693254920206,83.62347412109375,6019900,0.0,0
2020-06-18,83.13018199682013,85.16733128160485,82.30801396776815,83.9888916015625,7064100,0.0,0
2020-06-19,86.24528091672647,86.24528091672647,82.71909911326028,82.79217529296875,14838800,0.0,0
2020-06-22,82.50898594382369,83.76050872662563,81.842114410169,83.66915130615234,5939200,0.0,0
2020-06-23,84.50045468486863,85.03942721258935,83.29461063733854,83.5321273803711,6317700,0.0,0
2020-06-24,82.20751190356106,82.33540391116436,79.34820206272745,80.06074523925781,8974500,0.0,0
2020-06-25,79.75929341437315,81.76903818046289,79.62227122293358,81.49497985839844,7398000,0.0,0
2020-06-26,81.10217367706645,81.14785239123411,78.72702690180596,78.9828109741211,13766000,0.0,0
2020-06-29,79.39388867752537,80.9103256200307,79.11069322996462,80.0881576538086,7022200,0.0,0
2020-06-30,79.11069433621145,82.20752124429232,78.89145186535058,81.51325225830078,8263600,0.0,0
2020-07-01,81.55892508201266,82.92006560402305,79.97854208622707,80.04248809814453,6379400,0.0,0
2020-07-02,81.6411400067983,82.54552125015157,80.53578360501271,80.67280578613281,5832800,0.0,0
2020-07-06,81.75990419368618,82.44504305564445,80.22519286411595,80.91033172607422,6747500,0.0,0
2020-07-07,80.22519430393055,80.46271106515817,78.69962008329271,78.84577941894531,5898000,0.0,0
2020-07-08,78.91885816362587,80.20692252068542,78.46209893963471,78.88231658935547,6736400,0.0,0
2020-07-09,78.53518624229653,78.85491632208395,75.53884668955786,75.58451843261719,8833600,0.0,0
2020-07-10,75.36526094130595,78.03273274676897,75.36526094130595,77.85916900634766,6218100,0.0,0
2020-07-13,78.59913186798376,79.41216276808895,77.47550105648943,78.01448059082031,7074000,0.0,0
2020-07-14,78.00534428718538,80.9377378407119,77.68561420557215,80.70935821533203,7440500,0.0,0
2020-07-15,82.38109157832133,82.39022871402761,80.58145917176839,81.20265197753906,5935200,0.0,0
2020-07-16,80.79156611280577,81.74162604501657,79.79582747468798,80.7184829711914,4795700,0.0,0
2020-07-17,80.76417478828162,81.40363495723675,79.39389702372654,79.6496810913086,5964000,0.0,0
2020-07-20,79.32081507159106,79.9237336729383,77.46637358394186,77.89572143554688,14974800,0.0,0
2020-07-21,78.9919266778223,83.79703477548271,78.89143910959355,83.48643493652344,15115000,0.0,0
2020-07-22,82.17098636851716,83.35856320753017,81.21179612432334,83.1667251586914,10317500,0.0,0
2020-07-23,82.67342398852263,83.4773177569266,82.23493204328854,83.13932037353516,6586300,0.0,0
2020-07-24,83.56867423395046,84.71970250914082,82.19839650383464,82.33541870117188,6620500,0.0,0
2020-07-27,81.9974225926686,83.21239690198078,81.1204456681515,83.1667251586914,7599700,0.0,0
2020-07-28,82.64601107452972,83.28547116910218,81.09302560692298,81.40362548828125,6787300,0.0,0
2020-07-29,81.74163657361392,82.28974626713607,80.91946854853425,82.28060913085938,6386900,0.0,0
2020-07-30,80.78244566210665,80.84639168182832,78.28853695377491,78.80924224853516,10112800,0.0,0
2020-07-31,76.05041040033507,76.82689968317672,74.46089026057075,76.68074035644531,19119800,0.0,0
2020-08-03,76.7172793987826,77.77695713379089,76.55284580564086,77.47549438476562,11220100,0.0,0
2020-08-04,77.17404853089782,79.22032808793419,76.99134064302376,79.01021575927734,9077900,0.0,0
2020-08-05,80.5175077065896,80.78242886738589,78.93712484649109,79.65879821777344,7324200,0.0,0
2020-08-06,78.9553890202851,80.29826207166884,78.65392630067004,79.90544891357422,7035600,0.0,0
2020-08-07,79.36647980402431,79.57659211249597,78.32506933676542,79.29340362548828,7185000,0.0,0
2020-08-10,80.33481755990199,81.99742091882501,80.02421765174648,81.97001647949219,8150200,0.0,0
2020-08-11,83.9980225126032,84.96635685299731,81.45844222115598,81.8695297241211,9074300,0.0,0
2020-08-12,82.94747279250939,83.73309916730163,81.71421738747098,82.8743896484375,9057400,0.0,0
2020-08-13,82.09790954748848,83.38596699956798,81.99742195560228,82.05223083496094,7314600,0.0,0
2020-08-14,81.30313615830634,82.755627043146,81.16610700681774,82.53638458251953,6343000,0.0,0
2020-08-17,82.53639075630247,83.6600215190469,81.96087664051201,82.9200668334961,10473800,0.0,0
2020-08-18,82.44746214907865,82.81813889643156,80.9184249850422,81.20569610595703,7981500,1.29,0
2020-08-19,80.89989994291811,81.45591156749414,79.88053704944544,80.05661010742188,9120300,0.0,0
2020-08-20,79.15771052647922,80.51994341803052,78.51830042621242,78.5924301147461,7872300,0.0,0
2020-08-21,78.46269054141325,78.85189790022484,77.38773587373318,78.84263610839844,9003600,0.0,0
2020-08-24,79.32452052828275,80.93695626104135,78.6665726549736,80.80722045898438,8738700,0.0,0
2020-08-25,81.55784484686217,81.58564436655429,79.47279602909947,79.81566619873047,6835800,0.0,0
2020-08-26,79.4264489552503,79.5469158823675,78.45343053606457,78.56462860107422,7486500,0.0,0
2020-08-27,78.91678408938887,79.3523216794982,77.81402267915085,78.68511199951172,7438200,0.0,0
2020-08-28,78.81483638328768,79.44498465924248,78.13835086804369,79.35231018066406,7307900,0.0,0
2020-08-31,79.53767175809328,79.60253966711483,77.72136323541835,77.77696228027344,9437500,0.0,0
2020-09-01,77.15606961822304,77.49893976340287,76.40544728970944,76.98926544189453,8990600,0.0,0
2020-09-02,76.97073539609873,77.80475636095177,76.6371270101575,77.0912094116211,10821900,0.0,0
2020-09-03,76.9614711721605,78.29589760371202,75.71970509257919,76.24791717529297,16179900,0.0,0
2020-09-04,76.41472004640129,77.50821257581916,74.96908849126514,75.92357635498047,10516600,0.0,0
2020-09-08,74.59841996082218,74.67255673337687,72.3187672303038,73.18058776855469,14942500,0.0,0
2020-09-09,74.10727327228098,75.12662910917547,73.83853278499643,74.16287231445312,9269800,0.0,0
2020-09-10,74.71888335232445,74.95982431660727,72.32803264700154,72.42070007324219,11845900,0.0,0
2020-09-11,72.50410496584887,72.92111902544656,71.41988113702456,71.99443054199219,13732400,0.0,0
2020-09-14,71.7998141932447,72.2631583535597,71.28086392604374,71.62374114990234,8182800,0.0,0
2020-09-15,71.87393934867582,72.7264979230924,70.39123954327579,70.75264739990234,11732000,0.0,0
2020-09-16,70.75265583639695,73.65319496757895,70.39124793667638,72.8006362915039,13019000,0.0,0
2020-09-17,71.8461493420599,73.06937772718841,70.77119449213306,73.01377868652344,10515100,0.0,0
2020-09-18,72.17048661690768,73.34738478821617,71.81834758686863,72.4762954711914,14517800,0.0,0
2020-09-21,70.6507156094036,71.030661214626,69.20508409114845,70.7063217163086,16199100,0.0,0
2020-09-22,70.56731663478276,71.84614396486471,69.82596315440232,69.99276733398438,9155000,0.0,0
2020-09-23,70.0483773656573,70.34492446041371,66.5825645015183,66.67523193359375,16649200,0.0,0
2020-09-24,66.02654295997118,67.67604704235633,65.33152671828728,66.53622436523438,15203500,0.0,0
2020-09-25,65.80414171469096,67.16637472043483,65.5817314202345,66.56402587890625,11070500,0.0,0
2020-09-28,68.24132272825774,69.27921612205893,67.7872474616255,68.51006317138672,12863800,0.0,0
2020-09-29,68.57494288300065,68.70467869582222,65.89681392249999,66.62889862060547,10553000,0.0,0
2020-09-30,66.95323734813266,67.54631736249657,66.36015733376875,66.72156524658203,10466500,0.0,0
2020-10-01,66.26749462378721,66.61036483364039,64.89599257415864,65.25740051269531,14930700,0.0,0
2020-10-02,63.86736070830578,66.41575372360015,63.774693285400225,65.970947265625,9854800,0.0,0
2020-10-05,66.27674673757785,67.39804584677627,65.5261314471872,67.3702392578125,12049800,0.0,0
2020-10-06,68.42666663854854,68.87148017212431,66.95323550684186,66.99957275390625,15294500,0.0,0
2020-10-07,66.87909446912782,68.5007990318326,66.31381402737935,68.37106323242188,15410300,0.0,0
2020-10-08,68.93635227147007,70.01131425215931,68.56567548260924,69.70550537109375,11590900,0.0,0
2020-10-09,70.29857675975025,70.51171111483504,68.5564052574541,68.57493591308594,12260900,0.0,0
2020-10-12,68.23205616762789,69.45528442619361,67.83357992059136,69.04754638671875,9056900,0.0,0
2020-10-13,69.26067979511876,69.26067979511876,67.44437162187232,68.0189208984375,10440300,0.0,0
2020-10-14,67.9077223096572,68.97341534426367,67.56485213918175,67.60191345214844,7057500,0.0,0
2020-10-15,66.55475178782892,68.3154609285793,66.15627554581735,68.12085723876953,10052100,0.0,0
2020-10-16,68.13012921085956,68.60274228248261,66.9717686912443,67.54631805419922,9305600,0.0,0
2020-10-19,67.75018554738632,67.96331990774456,65.97094561973313,66.0543441772461,8357100,0.0,0
2020-10-20,66.6381673864473,66.9903064392923,65.83194591932268,66.4250259399414,7753200,0.0,0
2020-10-21,65.91534184705117,66.332355859606,65.54467215154187,65.67440795898438,9800600,0.0,0
2020-10-22,65.68366248278458,68.10231944967558,65.39639137953723,68.0189208984375,9810100,0.0,0
2020-10-23,68.51006779931768,68.90854405983053,66.56402374079457,67.24977111816406,8727200,0.0,0
2020-10-26,66.47134999359845,66.61961643428512,65.09057943743872,65.73926544189453,9710900,0.0,0
2020-10-27,65.25739871576936,65.42420291896794,64.39557817758867,64.41411590576172,14251700,0.0,0
2020-10-28,62.72754739568941,63.088955348357736,61.467250458666264,61.976924896240234,15961900,0.0,0
2020-10-29,61.28190115718179,64.07123521217221,60.383019350822714,63.75616455078125,12292200,0.0,0
2020-10-30,64.77550763257432,64.97011130928605,63.08893536433591,64.40483093261719,17191600,0.0,0
2020-11-02,65.5168628496897,67.72238562507216,64.31217224900196,66.86056518554688,11475500,0.0,0
2020-11-03,67.79651640928125,67.92625219991115,65.84120361755457,66.4806137084961,8608000,0.0,0
2020-11-04,65.59101084631124,68.19500326680478,64.76625864757686,66.50843048095703,10925700,0.0,0
2020-11-05,66.62889225190868,67.6204484808798,66.49915645148785,66.8512954711914,10627700,0.0,0
2020-11-06,67.18491164217701,67.89845862740721,65.63734365013303,65.93388366699219,8366900,0.0,0
2020-11-09,74.13507506449673,78.09203158523269,72.522639161464,73.57906341552734,24015200,0.0,0
2020-11-10,75.19148705061129,77.05413248732489,73.8663225172392,76.97999572753906,15039700,0.0,0
2020-11-11,77.93449470036998,78.29590261852894,75.8031155766212,76.41472625732422,11640600,0.0,0
2020-11-12,75.04322913706395,76.2108514211872,74.05167283987089,74.75595092773438,8920700,0.0,0
2020-11-13,75.20076058610313,77.23947211640616,75.08955543951404,76.94293212890625,10890300,0.0,0
2020-11-16,79.91760084675522,82.64206684189526,79.26892183366043,82.43819427490234,18980200,0.0,0
2020-11-17,81.24398794418578,82.30655138877269,79.76767967999588,81.84579467773438,14329000,1.29,0
2020-11-18,82.15610044695312,82.65447095833987,79.2222873419399,79.25049591064453,10583700,0.0,0
2020-11-19,78.56406158812138,80.83023836640402,78.10329773010439,80.61396789550781,8820200,0.0,0
2020-11-20,80.60457250599445,81.15936020919726,79.81469663429408,80.67039489746094,8294600,0.0,0
2020-11-23,82.23131802472588,86.11486012665675,81.58249944494332,85.5976791381836,13379300,0.0,0
2020-11-24,87.81685461159844,90.10184213596301,87.45012883878336,89.91378021240234,17257400,0.0,0
2020-11-25,89.02986485071986,89.02986485071986,86.64144134521484,86.64144134521484,10556600,0.0,0
2020-11-27,85.87978766925997,87.0645906753047,85.13693089137978,85.86097717285156,4627700,0.0,0
2020-11-30,84.63855042674298,85.4284190048509,81.71414272494059,81.97743225097656,14288400,0.0,0
2020-12-01,83.95211772308744,84.35645729224805,81.87400273827197,82.2313232421875,9913600,0.0,0
2020-12-02,82.05265884874615,85.8609660295247,81.90220359341492,84.50690460205078,10509600,0.0,0
2020-12-03,85.17454497679681,85.67291552164474,83.75465380581511,84.44109344482422,8249800,0.0,0
2020-12-04,85.77634454782468,87.87326275990375,85.49424451725444,87.71340942382812,10791100,0.0,0
2020-12-07,86.34053677498778,86.86711584231915,84.51630618587306,85.34379577636719,9398400,0.0,0
2020-12-08,84.94886220449473,86.94235156129042,84.80781935126824,86.07725524902344,7627300,0.0,0
2020-12-09,86.69785728939893,87.46892257000984,84.0367462097197,85.04289245605469,11129400,0.0,0
2020-12-10,86.08665710097995,88.91702691363113,85.36260367050483,87.77923583984375,11992100,0.0,0
2020-12-11,87.00817288833528,87.71341584226529,85.59768698047526,86.93294525146484,9584500,0.0,0
2020-12-14,87.82625922714129,88.10835211044957,83.91450811316466,84.10257720947266,12198400,0.0,0
2020-12-15,84.08375505104247,85.08050318797761,83.47254312749105,84.0367431640625,11775300,0.0,0
2020-12-16,83.87689127438391,84.01794129801156,82.60745540993939,83.39733123779297,9892900,0.0,0
2020-12-17,84.19660427460822,84.20600952251404,82.32536169107075,83.13404083251953,11748900,0.0,0
2020-12-18,82.72969600151217,83.41612839884566,81.11233782145266,81.9868392944336,27427600,0.0,0
2020-12-21,79.31631501730635,81.65771938633853,78.54524975014186,80.95247650146484,11430500,0.0,0
2020-12-22,80.34126550855562,80.67978264096479,79.26929698062696,79.32571411132812,8585800,0.0,0
2020-12-23,79.92752921232669,81.48847028521865,79.92752921232669,80.57635498046875,7223100,0.0,0
2020-12-24,80.80202395766747,80.80202395766747,79.74885872502958,80.23783111572266,3335600,0.0,0
2020-12-28,80.50113285783188,81.46026011741168,79.57021416851879,79.83350372314453,8051900,0.0,0
2020-12-29,80.17201824824069,80.6045663841836,79.03422718267521,79.56080627441406,7670800,0.0,0
2020-12-30,79.56079683574838,81.41323585898321,79.49497445708984,80.23783111572266,7901800,0.0,0
2020-12-31,79.83350469572048,80.11559757592654,78.94959788804958,79.41035461425781,8350700,0.0,0
2021-01-04,80.06859105237724,80.82084595747564,78.88378078857123,79.65484619140625,9234900,0.0,0
2021-01-05,80.38829811917947,83.8957098554686,80.228444758244,81.80818939208984,13414800,0.0,0
2021-01-06,83.68883141638429,85.3626068968556,82.57924887019173,84.44109344482422,13916800,0.0,0
2021-01-07,84.99587476081979,85.40021431533494,83.98032325076753,84.83602142333984,9286600,0.0,0
2021-01-08,86.58502295894249,86.91413487591412,85.05229047202903,85.64469909667969,11152100,0.0,0
2021-01-11,83.80166775969573,86.60382893774977,83.28448674993645,86.1336669921875,10635000,0.0,0
2021-01-12,87.13041543579406,88.3152183765296,86.23710343229754,87.76982879638672,10923900,0.0,0
2021-01-13,87.63819211297455,87.9390954997705,86.45338906289824,87.68521118164062,9723300,0.0,0
2021-01-14,88.33402906051452,90.57199734967332,88.19297904133474,89.7915267944336,13950200,0.0,0
2021-01-15,88.5973158129632,88.68194151734447,86.23710090027268,86.59442138671875,10244600,0.0,0
2021-01-19,87.92028126479552,89.35897562854498,87.72281411429087,88.87001037597656,9574800,0.0,0
2021-01-20,89.33077457714171,89.85735368946264,88.67255068674055,89.68809509277344,8735400,0.0,0
2021-01-21,88.25880094888872,89.01106293103716,85.77634645154161,86.51920318603516,10393100,0.0,0
2021-01-22,85.0052802969569,86.53800564066609,84.46929597162652,86.25591278076172,7810600,0.0,0
2021-01-25,85.21215144399582,85.59768049908573,83.99913279419275,85.4754409790039,7689400,0.0,0
2021-01-26,86.69786016565267,87.36549644366782,83.94271086899869,84.02734375,7827800,0.0,0
2021-01-27,82.30654632004102,84.95825931834452,81.5730948570786,82.93656158447266,10178500,0.0,0
2021-01-28,83.37852202802786,84.77020461566619,82.98358769505973,83.70763397216797,8155500,0.0,0
2021-01-29,81.64833327164247,82.12789333824095,79.85231101821222,80.1156005859375,14699800,0.0,0
2021-02-01,80.8584459812271,82.09027510507347,79.52318783388992,81.25338745117188,8073600,0.0,0
2021-02-02,82.75790548332174,83.09642264912405,81.36622300456756,81.86459350585938,9233100,0.0,0
2021-02-03,81.85519965287676,84.05555416993694,81.70474438293992,83.65121459960938,9256500,0.0,0
2021-02-04,84.1684023878868,84.30004717261214,82.70149208450025,83.68883514404297,7917600,0.0,0
2021-02-05,84.5727396747107,85.07111022810923,83.35031565104816,83.93331909179688,8017300,0.0,0
2021-02-08,84.90185563935927,86.54742265522279,84.63856606467756,86.02084350585938,9886600,0.0,0
2021-02-09,85.66350512250838,85.8233584623567,84.45048644099097,85.5318603515625,7605500,0.0,0
2021-02-10,85.9268029018123,87.06459405926351,85.19335134362909,86.99877166748047,8778800,0.0,0
2021-02-11,86.85772170620005,86.92354409260012,84.70437910239487,86.52860260009766,8572400,0.0,0
2021-02-12,86.06784316864479,87.19623612360083,85.89858458410647,87.0269775390625,7858300,0.0,0
2021-02-16,88.7339503375877,89.50637678337563,88.31435707048762,88.81023406982422,14006000,1.29,0
2021-02-17,90.99402488803673,92.2337284335842,89.83061235847934,91.47083282470703,14342300,0.0,0
2021-02-18,91.3087177477385,91.33732505919119,89.92597767377372,90.593505859375,9030600,0.0,0
2021-02-19,90.71746382382526,91.90948351323723,90.25973233737712,91.35639190673828,8913900,0.0,0
2021-02-22,92.4911922542801,95.01827552062336,91.98577705611365,93.82625579833984,13178700,0.0,0
2021-02-23,95.33296879876951,95.51415812153728,92.31000858228373,95.00873565673828,14874000,0.0,0
2021-02-24,95.67627257907442,99.21418623596676,95.18038830112899,98.5180435180664,16116000,0.0,0
2021-02-25,100.03430826738773,100.09152289259606,96.87783472567679,97.60258483886719,13219200,0.0,0
2021-02-26,95.64766754490905,96.37241031374317,93.08243871756946,95.36157989501953,14454100,0.0,0
2021-03-01,97.70746884747635,98.98531773542203,96.69663848089287,97.31649017333984,10439900,0.0,0
2021-03-02,97.16390869311007,98.5180413190624,96.99225756619282,97.68840026855469,10643500,0.0,0
2021-03-03,98.6134132086431,100.84487068474094,98.60387501351559,98.7850570678711,14958200,0.0,0
2021-03-04,99.6719164040851,102.5899855878681,98.34639107480392,99.65284729003906,22994200,0.0,0
2021-03-05,101.99874520724973,104.0680897494056,101.22631873656277,103.94412231445312,23638200,0.0,0
2021-03-08,104.7642382306942,105.30779897608127,103.04772678446575,104.65933990478516,18033600,0.0,0
2021-03-09,104.01087387455372,105.55573407279915,102.87606875683271,104.42092895507812,19010700,0.0,0
2021-03-10,105.08846466117012,106.81451431182282,104.6116567320804,106.2042007446289,17389900,0.0,0
2021-03-11,106.47120174704882,107.32945739169648,105.74645172762293,106.03253936767578,10989500,0.0,0
2021-03-12,106.46166698643903,107.4724974030138,105.58434219939257,106.3853759765625,10930300,0.0,0
2021-03-15,106.35677365868094,106.71915233484734,103.8392284186821,105.13614654541016,10488000,0.0,0
2021-03-16,103.49591899661468,103.8296830630848,102.11317903173375,102.64720153808594,11698400,0.0,0
2021-03-17,102.23714698408375,103.52452683303103,101.65544077576865,103.01911163330078,9168600,0.0,0
2021-03-18,102.04643069875235,102.5423077227777,98.89949558984387,99.29048156738281,13246600,0.0,0
2021-03-19,99.11883052604641,100.02476264362704,97.97448717827417,98.58480072021484,18491000,0.0,0
2021-03-22,98.27964472863786,99.65285384665007,97.56443285892506,97.78376770019531,12508500,0.0,0
2021-03-23,96.74431956934201,99.46213040765834,96.01957680293472,97.24020385742188,14781700,0.0,0
2021-03-24,98.21289232714605,100.85441225140895,98.1366085901094,99.84357452392578,11026800,0.0,0
2021-03-25,98.07938290714407,100.37760046174247,97.33556375229,100.1964111328125,11138200,0.0,0
2021-03-26,101.59823529294455,102.55185115947246,100.47296827942115,102.49463653564453,9820200,0.0,0
2021-03-29,101.46472478108448,102.5423080393286,100.79718934126466,101.96060180664062,7542300,0.0,0
2021-03-30,101.1404850686429,101.87477327733913,100.69228449784327,101.01651763916016,6284600,0.0,0
2021-03-31,100.65415529132339,101.29307616097846,99.7482158737942,99.92940521240234,8954400,0.0,0
2021-04-01,100.37760181303013,100.94976984173496,99.37630230616327,100.8448715209961,8515800,0.0,0
2021-04-05,100.82579641185947,100.92115653172245,99.33815089505607,99.66238403320312,8692700,0.0,0
2021-04-06,99.41444880461282,100.20595167790894,98.65155324171103,98.77552795410156,8125100,0.0,0
2021-04-07,98.6706190329888,99.71959486266293,98.47036060622914,99.35722351074219,7699300,0.0,0
2021-04-08,98.71830877555468,98.81367618017637,97.33556871467803,98.24150085449219,8283000,0.0,0
2021-04-09,98.33686094239243,98.87088344608499,97.36416878151134,98.14613342285156,7163700,0.0,0
2021-04-12,98.86134661707312,99.04253594426248,96.80154030615056,97.05901336669922,7845900,0.0,0
2021-04-13,96.84921402838118,97.8409752894969,96.59174097501491,97.49767303466797,6829900,0.0,0
2021-04-14,97.88866449787348,100.4443551635128,97.84098079709773,99.43351745605469,10194800,0.0,0
2021-04-15,99.18559249047046,99.43352738783747,98.15568556513794,98.62295532226562,7860500,0.0,0
2021-04-16,98.98532143854045,99.5193439502215,97.67886519330811,98.18428039550781,7459700,0.0,0
2021-04-19,98.47989835106803,99.01392813495356,97.46906795292739,98.47036743164062,7068700,0.0,0
2021-04-20,98.06032187951712,98.21289663579535,95.84793334714486,96.62989807128906,9783800,0.0,0
2021-04-21,95.67627872573817,98.21289307030813,95.49508938844338,97.96495819091797,8264400,0.0,0
2021-04-22,98.09846505013982,98.09846505013982,96.19123335127804,96.26751708984375,9899400,0.0,0
2021-04-23,96.41055967013233,97.43092832474986,96.04818827123941,96.83969116210938,6756000,0.0,0
2021-04-26,96.57266935201982,97.90773293385793,96.56313843233977,96.81107330322266,5639700,0.0,0
2021-04-27,97.0876228470265,98.31778810940122,96.80154247063243,97.93634033203125,6898900,0.0,0
2021-04-28,98.7373798316526,100.94976817482119,98.5752668933735,100.3394546508789,8718400,0.0,0
2021-04-29,101.48379713989999,102.65674783811632,100.84487626571047,101.94153594970703,9740300,0.0,0
2021-04-30,100.1105943212671,100.50157303332612,98.1938244411892,98.2891845703125,13730000,0.0,0
2021-05-03,99.15697824349651,100.81626776793776,98.43222816796008,100.63507843017578,7938100,0.0,0
2021-05-04,101.04513518267612,101.56962681344187,99.98662100095731,101.18817901611328,8704300,0.0,0
2021-05-05,102.12271119983586,104.45907424471669,101.86523813841379,103.90597534179688,12872400,0.0,0
2021-05-06,103.89645060741715,104.06810176244105,102.43741942747006,103.96320343017578,9654900,0.0,0
2021-05-07,103.07633026250066,105.53666081875609,102.70442067556802,104.91680908203125,10273000,0.0,0
2021-05-10,106.27095037774517,107.8634870670388,104.44000245554247,104.48768615722656,13586500,0.0,0
2021-05-11,104.0013349152525,104.49721919645759,101.28353139012606,101.75080108642578,12754800,0.0,0
2021-05-12,102.03689189119092,105.04078315430488,101.76988062789391,102.38973236083984,11661900,0.0,0
2021-05-13,101.15002900147765,102.86654037521093,100.54925365842664,101.73173522949219,9706300,0.0,0
2021-05-14,102.79978214771374,104.72608278748866,102.79978214771374,104.39231872558594,9124100,0.0,0
2021-05-17,104.02994565154937,105.73691883158104,103.9155164102026,105.670166015625,12692900,0.0,0
2021-05-18,105.1585609443115,105.27439088336965,102.2916521195208,102.4943618774414,12759900,1.34,0
2021-05-19,100.2162872138358,100.66997414759896,98.43050433026178,99.61780548095703,14762700,0.0,0
2021-05-20,99.49231967719228,100.4576085097505,98.43050343429212,99.9653091430664,9706300,0.0,0
2021-05-21,100.48655710529307,101.5483732542432,100.081137598987,100.50586700439453,10352800,0.0,0
2021-05-24,101.30705483664985,102.16616126441053,100.39003343856744,101.93449401855469,6785600,0.0,0
2021-05-25,101.77040515488966,101.95381239558358,100.01357971822176,100.26455688476562,7884000,0.0,0
2021-05-26,100.89197661159915,101.26844599839045,100.06183506445424,100.50586700439453,9232400,0.0,0
2021-05-27,100.50588134661496,101.26846044943116,99.00968062919829,99.43441009521484,11703400,0.0,0
2021-05-28,100.02323481381416,100.50587924617551,99.37648567737703,100.18733215332031,7278200,0.0,0
2021-06-01,101.64491305238947,103.70097553435427,101.64491305238947,102.94805145263672,10260600,0.0,0
2021-06-02,103.48861101260094,104.7917494152591,102.52332221588097,104.32841491699219,9141800,0.0,0
2021-06-03,103.8264654867045,104.3380673946228,102.86117664472454,103.85542297363281,8809300,0.0,0
2021-06-04,104.48286760900454,104.89794212715132,103.48862122856616,104.68557739257812,6699300,0.0,0
2021-06-07,104.60834649485092,104.92688619138742,103.83611253421407,104.0098648071289,6748600,0.0,0
2021-06-08,103.91334263328207,105.19717852751616,102.61020420311651,104.95585632324219,10559500,0.0,0
2021-06-09,105.27439447803812,105.72808139369091,103.91334109564883,104.03882598876953,10146900,0.0,0
2021-06-10,105.2744045464299,106.4231006882993,103.5272340029034,104.64697265625,13526200,0.0,0
2021-06-11,105.06202575237869,105.18751800527788,104.11604688589385,104.16431427001953,7731700,0.0,0
2021-06-14,104.4249464047858,105.1778705173214,103.12180795119963,104.22223663330078,9051900,0.0,0
2021-06-15,104.6469639815293,106.64511153423302,104.62765408106826,106.47135925292969,10540200,0.0,0
2021-06-16,106.21073242410527,106.67407431878445,105.11995866009309,105.86322784423828,9283300,0.0,0
2021-06-17,105.44814474323374,106.16246374616217,92.96696046665997,103.35346984863281,14337800,0.0,0
2021-06-18,101.59664716874892,102.58123851372683,99.33787489020413,99.45370483398438,22284500,0.0,0
2021-06-21,100.48656362772583,102.74534327224413,100.32246629755568,102.36888122558594,13591500,0.0,0
2021-06-22,101.67387494286854,103.24729309553372,100.6892762052199,102.70673370361328,10230100,0.0,0
2021-06-23,103.63340641718459,104.37667555463908,102.54263272169268,102.58123779296875,7792800,0.0,0
2021-06-24,103.42105102539062,104.03883532546637,102.66812686995891,103.42105102539062,8724600,0.0,0
2021-06-25,103.8554201345876,104.30910705624707,103.07353855061994,103.57549285888672,8102300,0.0,0
2021-06-28,103.23763264393769,103.28590002903117,100.061839021062,100.38037872314453,11348400,0.0,0
2021-06-29,100.95955510277749,101.32636957116785,100.01357617439767,100.15837097167969,7225500,0.0,0
2021-06-30,100.23559339667,101.23949471193734,100.11976344481933,101.10435485839844,7927500,0.0,0
2021-07-01,103.23763471245033,103.38242950606299,102.06963614256125,102.52332305908203,10873200,0.0,0
2021-07-02,102.03102408346217,102.70673066796056,101.39393729961022,102.38818359375,7107700,0.0,0
2021-07-06,102.29165375848463,102.29165375848463,99.8012069248675,100.38037872314453,10162800,0.0,0
2021-07-07,100.35141632687011,101.25879009732566,98.57528858379901,99.35717010498047,8245000,0.0,0
2021-07-08,97.97681898413494,99.51162473175019,97.70653928250984,99.03863525390625,8695500,0.0,0
2021-07-09,99.86877670719433,100.61205319502032,98.80696051772617,100.45760345458984,8567900,0.0,0
2021-07-12,99.96530734203382,101.37462812842936,99.65641521576315,100.66031646728516,9898600,0.0,0
2021-07-13,100.3900415443398,100.94991085121838,99.63711741108837,100.32247161865234,6738000,0.0,0
2021-07-14,100.85337306993742,101.66421209482957,98.1891740253783,98.43049621582031,9216600,0.0,0
2021-07-15,97.54243786664242,98.70078150077492,97.34937568457418,97.78376007080078,9665700,0.0,0
2021-07-16,98.10229898508302,98.16022132151687,94.91685033484998,95.19678497314453,12199100,0.0,0
2021-07-19,92.49398001925755,93.58475380043409,91.23910153170569,92.62911987304688,17385500,0.0,0
2021-07-20,92.56154466081905,94.6369171034635,91.75070558438267,93.17932891845703,12114600,0.0,0
2021-07-21,94.57899761252804,96.98256460522087,94.30871056872542,96.3551254272461,11478100,0.0,0
2021-07-22,95.94971611950629,95.95937107038326,94.49212784901275,95.38984680175781,7694300,0.0,0
2021-07-23,95.37054419140256,95.67943633810098,94.54039516629372,95.42845916748047,7570800,0.0,0
2021-07-26,96.0076217348716,97.74514449483067,95.98831919956939,97.4458999633789,10227500,0.0,0
2021-07-27,96.57714693004135,97.22388865549254,95.50567577793252,97.11770629882812,8332100,0.0,0
2021-07-28,97.39764328271963,98.27605227818746,96.79916156386243,97.66792297363281,8546100,0.0,0
2021-07-29,98.82626683961925,99.30891125010403,98.40154476629974,99.00967407226562,8681300,0.0,0
2021-07-30,99.48266543157018,100.43830668506297,97.27215310560324,98.27605438232422,12295300,0.0,0
2021-08-02,98.5366792865762,100.37072942020953,98.03472500264176,98.102294921875,8911800,0.0,0
2021-08-03,98.06369144627035,99.33787980747935,97.17562746533942,99.03863525390625,8437300,0.0,0
2021-08-04,96.95361366465683,98.3629344904831,96.62541162874145,96.81847381591797,10389800,0.0,0
2021-08-05,97.43625189324966,98.87453011460127,97.175619798268,97.7161865234375,7986100,0.0,0
2021-08-06,98.47876377156827,99.01933052743377,98.07334422809618,98.41119384765625,6475600,0.0,0
2021-08-09,97.40729678258708,97.86097633439648,96.46131051390749,96.77020263671875,9243100,0.0,0
2021-08-10,97.2431913118275,98.76834937802144,97.08874893394038,98.53668212890625,9762600,0.0,0
2021-08-11,98.49806385128974,99.39578267350689,98.07333444929537,99.27994537353516,7079800,0.0,0
2021-08-12,99.28960470059451,99.6660667363897,98.24709104859141,99.07723999023438,7377600,0.0,0
2021-08-13,98.68147713154605,98.98071430248105,98.11195291073693,98.42084503173828,6572600,0.0,0
2021-08-16,97.33007395191207,97.68722610368972,96.44201000077672,97.41694641113281,9476600,0.0,0
2021-08-17,96.72194173852633,98.15057250521285,96.17172737771907,97.23355102539062,10937500,0.0,0
2021-08-18,96.5487265595412,97.26288357792455,94.45515871277351,94.60189819335938,12893600,1.34,0
2021-08-19,92.7529159961397,93.24206755391091,90.84522790637621,92.24420166015625,17423400,0.0,0
2021-08-20,91.49089987922805,92.8213926523647,91.18762831577457,92.25398254394531,9707600,0.0,0
2021-08-23,94.00514287166625,94.895402290238,93.9757949723921,94.63126373291016,10277800,0.0,0
2021-08-24,95.3845436445987,96.47046058473829,95.27692971619858,95.7171630859375,8924900,0.0,0
2021-08-25,95.1106230661446,96.5780776311301,94.62147154448277,96.37263488769531,9342300,0.0,0
2021-08-26,95.98131536103078,96.58786595499863,95.09105597942603,95.11062622070312,8124800,0.0,0
2021-08-27,96.0106577552916,97.30201744272833,95.92261406617213,96.49980926513672,10281200,0.0,0
2021-08-30,96.94005057837187,97.15527845454962,95.84435588344564,96.25524139404297,8127200,0.0,0
2021-08-31,96.01066519590003,96.27481121144855,94.54321055264026,94.6703872680664,15676900,0.0,0
2021-09-01,94.75843471308947,94.9638774594287,93.39859406075357,93.63338470458984,10557300,0.0,0
2021-09-02,94.54320475900576,96.25523507122844,94.45516106845845,95.5899887084961,12340100,0.0,0
2021-09-03,95.28671979578301,96.29437075610444,95.26714955476821,95.37476348876953,9097000,0.0,0
2021-09-07,94.91495328824884,95.85413073161996,94.64102964387374,94.95408630371094,9237800,0.0,0
2021-09-08,95.38454673607708,96.3335018824382,94.25949674334112,94.29862976074219,10775900,0.0,0
2021-09-09,93.80947743865907,95.50194497348092,93.28119290404173,93.9170913696289,10219400,0.0,0
2021-09-10,95.48237527289047,95.58020408418167,93.8094779690733,93.9855728149414,11006000,0.0,0
2021-09-13,95.10084030094856,96.56829490227473,94.95409334804393,95.84435272216797,11500900,0.0,0
2021-09-14,96.2454480666948,96.5976377497085,93.8975267984164,94.11274719238281,15294100,0.0,0
2021-09-15,94.88561117203258,96.39219877172037,94.88561117203258,96.10848999023438,11623400,0.0,0
2021-09-16,96.18675334467358,96.45089187794379,94.80734995740067,95.20845031738281,10616700,0.0,0
2021-09-17,95.00301096326059,96.24545256810269,94.27906878714458,94.66060638427734,16006100,0.0,0
2021-09-20,92.5866023147151,93.18336778688955,91.2854574351308,92.72356414794922,15796100,0.0,0
2021-09-21,93.49642500468488,93.80948169155515,91.9898373666654,92.79204559326172,10958400,0.0,0
2021-09-22,94.1518890482538,96.63677983887614,94.1518890482538,95.52151489257812,13292800,0.0,0
2021-09-23,96.10849619270465,98.09445032741255,95.62912975491388,97.88900756835938,10094900,0.0,0
2021-09-24,97.48790478041168,98.77926456554704,97.48790478041168,98.41728973388672,8225300,0.0,0
2021-09-27,100.36411041029517,101.52829347571269,100.36411041029517,100.73587036132812,12697500,0.0,0
2021-09-28,101.65547844159848,102.6142112973652,100.64781998155341,101.1174087524414,15560800,0.0,0
2021-09-29,100.97065179522492,101.97830269161504,100.11952549772224,101.08805084228516,10268100,0.0,0
2021-09-30,101.17609851329291,101.2054464102486,99.24884033203124,99.24884033203125,15319800,0.0,0
2021-10-01,100.00214041117687,102.27180322144018,99.66951348816016,102.06636047363281,10854900,0.0,0
2021-10-04,102.72182253061011,103.5631637693982,101.85113339388803,102.4478988647461,13305400,0.0,0
2021-10-05,103.73925860876771,105.4317187428845,103.13270801738233,103.56316375732422,13017300,0.0,0
2021-10-06,101.91960831069103,103.06422104589764,101.33262799498455,102.65333557128906,10630100,0.0,0
2021-10-07,103.318588785163,103.99362029820537,102.93705118140693,103.38706970214844,8830900,0.0,0
2021-10-08,104.4925491415743,106.07740281141776,104.28710639131202,105.70565032958984,10586700,0.0,0
2021-10-11,107.18287973666851,107.2513606515931,104.60016028256999,104.80560302734375,9794800,0.0,0
2021-10-12,104.66864797297347,105.24585069086734,103.86643971884502,104.82518005371094,9085000,0.0,0
2021-10-13,104.45341302836664,105.98934851337101,104.16971171297608,105.45128631591797,9220700,0.0,0
2021-10-14,106.5176386331557,106.79156977026382,105.76434853172418,106.44915771484375,7648600,0.0,0
2021-10-15,107.38832850957411,107.64268940665511,107.05570903665772,107.23180389404297,9968100,0.0,0
2021-10-18,107.82856016339414,108.01444012580987,106.59589626711565,107.18287658691406,10677400,0.0,0
2021-10-19,107.76987093500429,109.27645111083986,107.41768122890088,109.27645111083984,10362800,0.0,0
2021-10-20,108.67967853940308,110.71455060540649,108.37640699266997,110.70477294921875,10811400,0.0,0
2021-10-21,110.26453744163538,110.36236625525792,108.46446338662847,109.31558227539062,9372600,0.0,0
2021-10-22,109.7851672897844,110.43084340878292,109.0318697764497,110.35258483886719,8673800,0.0,0
2021-10-25,111.06674221694406,111.86895040598901,110.84173669896428,111.37979888916016,9579800,0.0,0
2021-10-26,111.50698280275104,112.11352590534703,111.04717918377679,111.62437438964844,7463000,0.0,0
2021-10-27,110.76347778820595,111.11566750008103,109.22754222514084,109.638427734375,9096100,0.0,0
2021-10-28,109.15905421812056,110.81238126853638,109.15905421812056,110.66564178466797,7538200,0.0,0
2021-10-29,112.33853969503738,112.78855819705518,110.69499029190897,112.00591278076172,15294200,0.0,0
2021-11-01,112.5341954564429,112.59289124934344,111.57546267438876,112.0450439453125,11213800,0.0,0
2021-11-02,111.70264169369267,111.71242681399866,110.75368654822896,111.36023712158203,9189700,0.0,0
2021-11-03,109.83407954772547,110.81238259245534,109.54059311262243,110.55802917480469,10416000,0.0,0
2021-11-04,111.74177443861502,111.78090745588366,110.46019984447129,111.04718017578125,9673000,0.0,0
2021-11-05,111.7906846600285,112.55376729789006,111.4580652103805,112.25048828125,8102100,0.0,0
2021-11-08,112.59289281176108,113.47336703678582,112.20157756851437,112.65159606933594,7695900,0.0,0
2021-11-09,112.76898978314972,113.60055335037859,111.97656669761535,113.483154296875,10945900,0.0,0
2021-11-10,113.24837030377184,113.68860371850627,111.19393526191044,111.67330169677734,10305100,0.0,0
2021-11-11,111.13522778335778,112.18201177464016,111.10587988533698,111.6830825805664,7317500,0.0,0
2021-11-12,111.33089340325057,111.82982259968453,111.12544318841287,111.7515640258789,8682800,0.0,0
2021-11-15,112.45593284930162,114.41253895343117,111.79068647534318,114.28536224365234,11050400,0.0,0
2021-11-16,114.56907235062835,115.51802751633358,114.32449658478103,114.73538208007812,10566300,0.0,0
2021-11-17,113.67650606573781,115.31925477793477,113.46868886691246,114.22078704833984,11108000,1.34,0
2021-11-18,113.65670977754613,114.18120188238991,112.2316764766805,113.2608642578125,8368600,0.0,0
2021-11-19,111.3410255497945,111.97437535907116,109.94567179646211,110.74726104736328,13532600,0.0,0
2021-11-22,110.85610873299072,113.99317816698382,110.68787684524074,112.72647857666016,9947100,0.0,0
2021-11-23,113.99317659963904,115.62602703495304,113.86452246949612,115.09164428710938,10366800,0.0,0
2021-11-24,115.5963402232578,116.77397852441693,115.46769364292845,115.97239685058594,8500900,0.0,0
2021-11-26,112.17229260509414,113.63691873518076,111.45977219316687,113.32024383544922,11861800,0.0,0
2021-11-29,115.13122455967432,115.95260267729574,113.51816296673876,113.65670776367188,12003800,0.0,0
2021-11-30,112.27125660127041,114.65622043412202,111.27175589176767,111.6972885131836,24451200,0.0,0
2021-12-01,113.75566684522272,114.85413455275994,110.92538163212458,110.9352798461914,12302700,0.0,0
2021-12-02,112.07333276789849,114.49787425364403,110.76704786678097,113.94369506835938,11392400,0.0,0
2021-12-03,115.52706850530829,115.78436921760466,112.40979551634777,113.22128295898438,10445100,0.0,0
2021-12-06,114.75517911552848,116.22969595830692,113.85463790689548,114.99268341064453,9833900,0.0,0
2021-12-07,116.0218738604241,117.42712579336505,116.0218738604241,116.69480895996094,11419600,0.0,0
2021-12-08,117.15993275907225,118.0208962172634,116.43752165345681,117.21930694580078,8827900,0.0,0
2021-12-09,116.6255411753849,117.36774870202093,116.35834978785108,116.91252899169922,8334700,0.0,0
2021-12-10,117.69431693800537,117.9615083144429,115.65572276554661,117.11044311523438,9090700,0.0,0
2021-12-13,116.23958809293507,116.62553538360913,114.40881112817668,114.6760025024414,8533000,0.0,0
2021-12-14,114.5374579435708,115.70519803188974,114.27026656875736,115.0124740600586,12245300,0.0,0
2021-12-15,115.11143493792876,115.11143493792876,112.76605651907008,114.35932922363281,11069500,0.0,0
2021-12-16,114.98278674148027,116.96200671437708,114.71558781706919,115.42810821533203,11344700,0.0,0
2021-12-17,114.71558786059039,115.24997815949027,112.3504205960914,112.41969299316406,22727900,0.0,0
2021-12-20,110.69777445211075,112.52855142965043,109.5795178777514,112.46917724609375,13464400,0.0,0
2021-12-21,113.24107596469263,114.86403580887632,113.10253116458856,114.27027130126953,11368200,0.0,0
2021-12-22,114.22078630253844,115.4676970374742,113.22128562187491,114.92340850830078,8345200,0.0,0
2021-12-23,115.29946761142496,116.6948138385768,115.19060990326324,115.20050811767578,7416600,0.0,0
2021-12-27,114.86403796494132,117.58546559683676,114.21089925935168,117.55577850341797,7745500,0.0,0
2021-12-28,117.42713019041558,118.10005776502506,116.81356925164619,117.32816314697266,6516000,0.0,0
2021-12-29,116.85314906445824,117.41722645498275,116.07135626879709,116.72449493408203,6957400,0.0,0
2021-12-30,116.90263154107423,117.45681829866844,116.12083870189484,116.20990753173828,6016000,0.0,0
2021-12-31,116.16042439802611,116.86304662416653,115.91302188670375,116.1307373046875,5706600,0.0,0
2022-01-03,116.20000297825217,118.44642187906909,116.07135639785794,118.02088928222656,10717700,0.0,0
2022-01-04,118.70371646841926,120.71263111032921,118.41673621255724,120.16834259033203,16413100,0.0,0
2022-01-05,120.96992315510371,122.55329763027686,120.80169126870642,120.95013427734375,15487100,0.0,0
2022-01-06,122.33559217789372,123.02831616497755,120.37616103565985,121.97933197021484,13318500,0.0,0
2022-01-07,122.26632314512756,124.23564500558783,121.67255108256632,123.73094177246094,14164600,0.0,0
2022-01-10,123.84969730690011,124.38408763145542,122.57309945659446,123.81011199951172,12626100,0.0,0
2022-01-11,124.55231836122442,126.67008321089656,123.53302124340678,126.64039611816406,14609000,0.0,0
2022-01-12,126.66018059896639,127.09560386080072,125.15597673511812,126.00704193115234,12469200,0.0,0
2022-01-13,125.8190153521342,126.76904760044364,125.13618203307591,125.48255157470703,9691300,0.0,0
2022-01-14,125.44297057309274,127.85761393253934,125.44297057309274,127.6201171875,13281000,0.0,0
2022-01-18,128.34252803802033,128.64930473326723,126.5414380737596,128.03575134277344,12905500,0.0,0
2022-01-19,128.59982072442887,128.7977397109112,127.20446695431471,127.57063293457031,12064300,0.0,0
2022-01-20,126.93727966876045,129.50036595965622,126.55132482039326,127.11540222167969,11370400,0.0,0
2022-01-21,126.4325747595033,127.06591700058661,124.91847267895439,125.5914077758789,13055700,0.0,0
2022-01-24,123.15696571616925,126.40289296992424,121.56369295735558,125.85860443115234,19513700,0.0,0
2022-01-25,125.79922669368993,131.3608376460264,123.9684421423017,131.21238708496094,19984500,0.0,0
2022-01-26,131.51916523828018,133.31037205352047,130.2227785318622,131.3113555908203,17266500,0.0,0
2022-01-27,133.05306158785416,135.57657010995075,132.20199638315395,133.9635009765625,20654100,0.0,0
2022-01-28,128.6492975127391,130.6878916572856,126.73935749778535,129.25296020507812,24817800,0.0,0
2022-01-31,128.83732981006827,130.48997671720272,127.98626459618912,129.96548461914062,16401800,0.0,0
2022-02-01,129.47067919067885,134.32966795522023,129.1539967399204,133.3895263671875,16169700,0.0,0
2022-02-02,132.95411332039387,134.38904484114335,131.4202147567304,134.0030975341797,10906700,0.0,0
2022-02-03,133.4489196472679,133.9437246662044,131.80616336033862,132.8056640625,9447700,0.0,0
2022-02-04,133.60724494661468,135.57657434583052,133.60724494661468,134.4682159423828,13034700,0.0,0
2022-02-07,133.93381877024694,137.98132019711565,133.42912308751727,137.1104736328125,18422500,0.0,0
2022-02-08,136.74431175405928,136.9917142707082,133.6072496549814,135.02239990234375,11021600,0.0,0
2022-02-09,135.29947783341223,136.90264117082563,134.6859244771676,136.3583526611328,10140800,0.0,0
2022-02-10,136.13075260355103,137.34796870605732,133.9833006616373,134.6265411376953,11012700,0.0,0
2022-02-11,135.4380307746631,137.99122649170772,134.8640551390251,137.36776733398438,12821200,0.0,0
2022-02-14,136.50680895698858,136.61566666350333,133.64683659519216,135.25,15945000,0.0,0
2022-02-15,133.0800018310547,134.83999633789062,132.17999267578125,134.25999450683594,11746800,1.42,0
2022-02-16,134.9499969482422,136.16000366210938,133.75999450683594,134.3000030517578,11348800,0.0,0
2022-02-17,134.1699981689453,134.5800018310547,132.4499969482422,133.61000061035156,10073900,0.0,0
2022-02-18,132.82000732421875,133.91000366210938,132.0500030517578,133.4199981689453,10691800,0.0,0
2022-02-22,137.0,137.0,130.52000427246094,132.39999389648438,19428700,0.0,0
2022-02-23,132.92999267578125,136.0800018310547,132.55999755859375,135.5500030517578,16134200,0.0,0
2022-02-24,137.92999267578125,138.22999572753906,131.72000122070312,134.85000610351562,22108900,0.0,0
2022-02-25,135.9600067138672,140.5,135.42999267578125,140.3800048828125,28028000,0.0,0
2022-02-28,139.27000427246094,144.0,138.64999389648438,144.0,24394300,0.0,0
2022-03-01,145.00999450683594,149.9600067138672,144.6999969482422,149.72000122070312,31159900,0.0,0
2022-03-02,150.1999969482422,155.75,150.0500030517578,154.13999938964844,31329500,0.0,0
2022-03-03,152.25999450683594,157.1199951171875,151.75,156.22000122070312,22492900,0.0,0
2022-03-04,155.7899932861328,159.9499969482422,155.08999633789062,158.64999389648438,29034400,0.0,0
2022-03-07,159.89999389648438,162.10000610351562,155.72000122070312,162.0399932861328,34824700,0.0,0
2022-03-08,164.30999755859375,174.0,164.10000610351562,170.52999877929688,57231000,0.0,0
2022-03-09,162.77000427246094,169.77000427246094,161.2100067138672,166.27000427246094,43430000,0.0,0
2022-03-10,168.74000549316406,174.75999450683594,168.2899932861328,170.82000732421875,34913600,0.0,0
2022-03-11,165.88999938964844,172.97999572753906,165.8800048828125,170.89999389648438,28423600,0.0,0
2022-03-14,166.2100067138672,168.35000610351562,164.3000030517578,166.72000122070312,25156200,0.0,0
2022-03-15,159.11000061035156,160.19000244140625,155.25999450683594,158.27999877929688,28534400,0.0,0
2022-03-16,158.7899932861328,160.5,156.2100067138672,157.7100067138672,22299700,0.0,0
2022-03-17,159.9499969482422,160.99000549316406,157.9199981689453,160.44000244140625,15750700,0.0,0
2022-03-18,160.88999938964844,161.72999572753906,158.77999877929688,161.72999572753906,23214700,0.0,0
2022-03-21,163.02000427246094,165.5800018310547,162.72000122070312,164.63999938964844,13180600,0.0,0
2022-03-22,163.69000244140625,165.25999450683594,162.5800018310547,164.08999633789062,11063900,0.0,0
2022-03-23,166.0,167.35000610351562,164.94000244140625,165.86000061035156,10755000,0.0,0
2022-03-24,166.42999267578125,167.39999389648438,165.0,166.3000030517578,9024800,0.0,0
2022-03-25,165.22000122070312,169.69000244140625,165.16000366210938,169.30999755859375,10254700,0.0,0
2022-03-28,165.89999389648438,166.6300048828125,165.1300048828125,166.35000610351562,9992000,0.0,0
2022-03-29,163.50999450683594,164.47999572753906,160.5,164.32000732421875,15102600,0.0,0
2022-03-30,165.24000549316406,166.35000610351562,163.66000366210938,165.47999572753906,9906000,0.0,0
2022-03-31,163.47000122070312,166.16000366210938,162.72000122070312,162.8300018310547,10395900,0.0,0
2022-04-01,162.77999877929688,165.9499969482422,162.3300018310547,164.22000122070312,8795300,0.0,0
2022-04-04,165.0,165.4499969482422,163.0,164.3699951171875,8718600,0.0,0
2022-04-05,165.02999877929688,167.72000122070312,163.10000610351562,163.36000061035156,9538200,0.0,0
2022-04-06,164.8300018310547,167.00999450683594,164.3300018310547,164.80999755859375,9269000,0.0,0
2022-04-07,165.10000610351562,167.6999969482422,163.4199981689453,167.10000610351562,8018400,0.0,0
2022-04-08,167.0500030517578,171.10000610351562,167.02000427246094,169.92999267578125,10801200,0.0,0
2022-04-11,168.57000732421875,168.77999877929688,164.91000366210938,165.55999755859375,10206100,0.0,0
2022-04-12,168.97000122070312,172.67999267578125,168.14999389648438,169.00999450683594,9528400,0.0,0
2022-04-13,170.92999267578125,172.0800018310547,168.2899932861328,171.6699981689453,7330700,0.0,0
2022-04-14,170.69000244140625,172.94000244140625,170.55999755859375,171.58999633789062,9421100,0.0,0
2022-04-18,173.0,174.5399932861328,171.8699951171875,173.88999938964844,7639000,0.0,0
2022-04-19,173.0800018310547,173.69000244140625,171.02999877929688,171.8300018310547,6970200,0.0,0
2022-04-20,171.6199951171875,173.5800018310547,171.4600067138672,172.52999877929688,7495000,0.0,0
2022-04-21,171.74000549316406,172.44000244140625,163.8300018310547,164.5800018310547,14594800,0.0,0
2022-04-22,164.3800048828125,165.47000122070312,160.86000061035156,160.9499969482422,12160100,0.0,0
2022-04-25,155.72999572753906,158.36000061035156,151.36000061035156,157.49000549316406,15449800,0.0,0
2022-04-26,158.82000732421875,160.3699951171875,156.38999938964844,156.52999877929688,9810600,0.0,0
2022-04-27,157.0800018310547,157.9199981689453,154.52000427246094,156.24000549316406,10396600,0.0,0
2022-04-28,157.4499969482422,163.0,154.92999267578125,161.7899932861328,9366400,0.0,0
2022-04-29,161.27999877929688,162.44000244140625,156.2899932861328,156.6699981689453,14709500,0.0,0
2022-05-02,156.30999755859375,160.0,155.14999389648438,159.75,11559000,0.0,0
2022-05-03,159.57000732421875,163.42999267578125,159.25999450683594,162.49000549316406,8827200,0.0,0
2022-05-04,164.97000122070312,167.88999938964844,163.47000122070312,167.58999633789062,9183200,0.0,0
2022-05-05,169.25999450683594,169.5,162.64999389648438,166.25999450683594,9807600,0.0,0
